phase,run,track,family,regime,seed,split,domain,steps,noise_mode,forward_mae,reverse_mae,roundtrip_mae,exact_image_rate,forward_byte_accuracy,parameters,training_seconds,peak_vram_mib
diagnostics,byte_guided_mixed_fixed_s17,byte,guided,mixed,17,validation,pokemon,2000,fixed,0.01720258664165254,0.34268064381102237,0.0,1.0,0.20728266460905348,44296,201.06899468158372,501.08642578125
diagnostics,byte_guided_mixed_fixed_s17,byte,guided,mixed,17,validation,static,2000,fixed,0.015237562125544661,0.015357021888616554,0.0,1.0,0.2021218532986111,44296,201.06899468158372,501.08642578125
diagnostics,byte_guided_mixed_fixed_s17,byte,guided,mixed,17,validation,probes,2000,fixed,0.016572886407649475,0.2291359537642217,0.0,1.0,0.19766975308641976,44296,201.06899468158372,501.08642578125
diagnostics,gaussian_coupling_mixed_fixed_s17,gaussian,coupling,mixed,17,validation,pokemon,2000,fixed,0.017940217578842725,0.03586194894298375,7.688721484303677e-08,,,44296,140.01350825408008,382.20751953125
diagnostics,gaussian_coupling_mixed_fixed_s17,gaussian,coupling,mixed,17,validation,static,2000,fixed,0.017615638043902204,0.03522889350002449,9.5690516369213e-08,,,44296,140.01350825408008,382.20751953125
diagnostics,gaussian_coupling_mixed_fixed_s17,gaussian,coupling,mixed,17,validation,probes,2000,fixed,0.01939362364649553,0.038907631731747876,9.646560773533818e-08,,,44296,140.01350825408008,382.20751953125
extended,byte_guided_mixed_fresh_s17,byte,guided,mixed,17,validation,pokemon,2000,fresh,0.01895917974528631,0.3543787882608462,0.0,1.0,0.19207347393689986,44296,209.42073540959973,501.08642578125
extended,byte_guided_mixed_fresh_s17,byte,guided,mixed,17,validation,static,2000,fresh,0.01666281998910675,0.01663370395901416,0.0,1.0,0.18909071180555553,44296,209.42073540959973,501.08642578125
extended,byte_guided_mixed_fresh_s17,byte,guided,mixed,17,validation,probes,2000,fresh,0.017987593802953276,0.2340256293875575,0.0,1.0,0.18216049382716049,44296,209.42073540959973,501.08642578125
extended,byte_guided_mixed_fresh_s17,byte,guided,mixed,17,test,pokemon,2000,fresh,0.0190411068748487,0.35576205989940557,0.0,1.0,0.19196759259259258,44296,209.42073540959973,501.08642578125
extended,byte_guided_mixed_fresh_s17,byte,guided,mixed,17,test,static,2000,fresh,0.01663800381263616,0.016725749761710235,0.0,1.0,0.18872341579861113,44296,209.42073540959973,501.08642578125
extended,byte_guided_mixed_fresh_s17,byte,guided,mixed,17,test,probes,2000,fresh,0.018003109114015974,0.23464994099491646,0.0,1.0,0.18326581790123458,44296,209.42073540959973,501.08642578125
extended,byte_guided_mixed_fresh_s29,byte,guided,mixed,29,validation,pokemon,2000,fresh,0.018047747048064763,0.35111525239382446,0.0,1.0,0.18192172496570644,44296,835.1563746025786,501.08642578125
extended,byte_guided_mixed_fresh_s29,byte,guided,mixed,29,validation,static,2000,fresh,0.01786354294321895,0.017871680964052283,0.0,1.0,0.17653862847222224,44296,835.1563746025786,501.08642578125
extended,byte_guided_mixed_fresh_s29,byte,guided,mixed,29,validation,probes,2000,fresh,0.017911053618978448,0.24510918209876545,0.0,1.0,0.17437114197530862,44296,835.1563746025786,501.08642578125
extended,byte_guided_mixed_fresh_s29,byte,guided,mixed,29,test,pokemon,2000,fresh,0.01808948095699185,0.35323413502918316,0.0,1.0,0.1824329132373114,44296,835.1563746025786,501.08642578125
extended,byte_guided_mixed_fresh_s29,byte,guided,mixed,29,test,static,2000,fresh,0.017820935883033767,0.01796699474060457,0.0,1.0,0.17626356336805554,44296,835.1563746025786,501.08642578125
extended,byte_guided_mixed_fresh_s29,byte,guided,mixed,29,test,probes,2000,fresh,0.017481231844589683,0.24366068294601792,0.0,1.0,0.1753915895061728,44296,835.1563746025786,501.08642578125
extended,byte_guided_mixed_fresh_s43,byte,guided,mixed,43,validation,pokemon,2000,fresh,0.017477067867613435,0.316222264248635,0.0,1.0,0.20233174725651576,44296,232.48295917036012,501.08642578125
extended,byte_guided_mixed_fresh_s43,byte,guided,mixed,43,validation,static,2000,fresh,0.01610457516339869,0.01603620940563725,0.0,1.0,0.19615939670138888,44296,232.48295917036012,501.08642578125
extended,byte_guided_mixed_fresh_s43,byte,guided,mixed,43,validation,probes,2000,fresh,0.016461472706366494,0.22534360626966837,0.0,1.0,0.20173611111111112,44296,232.48295917036012,501.08642578125
extended,byte_guided_mixed_fresh_s43,byte,guided,mixed,43,test,pokemon,2000,fresh,0.017523455781489547,0.31721764218375964,0.0,1.0,0.20258230452674894,44296,232.48295917036012,501.08642578125
extended,byte_guided_mixed_fresh_s43,byte,guided,mixed,43,test,static,2000,fresh,0.016150928904547925,0.01613886974060457,0.0,1.0,0.19627061631944442,44296,232.48295917036012,501.08642578125
extended,byte_guided_mixed_fresh_s43,byte,guided,mixed,43,test,probes,2000,fresh,0.016162657346889365,0.2246949210239651,0.0,1.0,0.20043402777777777,44296,232.48295917036012,501.08642578125
extended,byte_guided_pokemon_fresh_s17,byte,guided,pokemon,17,validation,pokemon,2000,fresh,0.016369028887275074,0.37268134060894587,0.0,1.0,0.2165258487654321,44296,219.33742062211968,501.08642578125
extended,byte_guided_pokemon_fresh_s17,byte,guided,pokemon,17,validation,static,2000,fresh,0.01895007829520697,0.018948688980800647,0.0,1.0,0.1588547092013889,44296,219.33742062211968,501.08642578125
extended,byte_guided_pokemon_fresh_s17,byte,guided,pokemon,17,validation,probes,2000,fresh,0.017883699467441297,0.22662943294601787,0.0,1.0,0.19298996913580246,44296,219.33742062211968,501.08642578125
extended,byte_guided_pokemon_fresh_s17,byte,guided,pokemon,17,test,pokemon,2000,fresh,0.016470062905134614,0.37412283816132763,0.0,1.0,0.216886359739369,44296,219.33742062211968,501.08642578125
extended,byte_guided_pokemon_fresh_s17,byte,guided,pokemon,17,test,static,2000,fresh,0.01897365196078431,0.019073414522058817,0.0,1.0,0.15816460503472224,44296,219.33742062211968,501.08642578125
extended,byte_guided_pokemon_fresh_s17,byte,guided,pokemon,17,test,probes,2000,fresh,0.017454240801258767,0.2280429526748971,0.0,1.0,0.19296682098765433,44296,219.33742062211968,501.08642578125
extended,byte_guided_pokemon_fresh_s29,byte,guided,pokemon,29,validation,pokemon,2000,fresh,0.01630368706124425,0.26817075247451516,0.0,1.0,0.20530606995884776,44296,216.8350552606862,501.08642578125
extended,byte_guided_pokemon_fresh_s29,byte,guided,pokemon,29,validation,static,2000,fresh,0.019029107519744005,0.019145609936683003,0.0,1.0,0.1626394314236111,44296,216.8350552606862,501.08642578125
extended,byte_guided_pokemon_fresh_s29,byte,guided,pokemon,29,validation,probes,2000,fresh,0.017153027414669567,0.22366942780198495,0.0,1.0,0.18512152777777777,44296,216.8350552606862,501.08642578125
extended,byte_guided_pokemon_fresh_s29,byte,guided,pokemon,29,test,pokemon,2000,fresh,0.01634797617606713,0.2691958010570483,0.0,1.0,0.20545246056241423,44296,216.8350552606862,501.08642578125
extended,byte_guided_pokemon_fresh_s29,byte,guided,pokemon,29,test,static,2000,fresh,0.019047845179738558,0.019119193814678644,0.0,1.0,0.16250868055555556,44296,216.8350552606862,501.08642578125
extended,byte_guided_pokemon_fresh_s29,byte,guided,pokemon,29,test,probes,2000,fresh,0.016760530137981115,0.22285451464536432,0.0,1.0,0.18607253086419753,44296,216.8350552606862,501.08642578125
extended,byte_guided_pokemon_fresh_s43,byte,guided,pokemon,43,validation,pokemon,2000,fresh,0.01697253153662013,0.339496245360284,0.0,1.0,0.20374935699588478,44296,227.38319797394797,501.08642578125
extended,byte_guided_pokemon_fresh_s43,byte,guided,pokemon,43,validation,static,2000,fresh,0.019852168862336598,0.019814242493872543,0.0,1.0,0.15214355468750002,44296,227.38319797394797,501.08642578125
extended,byte_guided_pokemon_fresh_s43,byte,guided,pokemon,43,validation,probes,2000,fresh,0.018412778382958114,0.23469044268942144,0.0,1.0,0.18098765432098768,44296,227.38319797394797,501.08642578125
extended,byte_guided_pokemon_fresh_s43,byte,guided,pokemon,43,test,pokemon,2000,fresh,0.01700662084106619,0.3408723548575809,0.0,1.0,0.20406957304526746,44296,227.38319797394797,501.08642578125
extended,byte_guided_pokemon_fresh_s43,byte,guided,pokemon,43,test,static,2000,fresh,0.019765661168981475,0.019830599383850758,0.0,1.0,0.15241265190972222,44296,227.38319797394797,501.08642578125
extended,byte_guided_pokemon_fresh_s43,byte,guided,pokemon,43,test,probes,2000,fresh,0.018200413035584603,0.23322002087872187,0.0,1.0,0.18004822530864198,44296,227.38319797394797,501.08642578125
extended,byte_guided_static_fresh_s17,byte,guided,static,17,validation,pokemon,2000,fresh,0.018151358125554743,0.4991116356007424,0.0,1.0,0.11430576989026066,44296,252.17401432129554,501.08642578125
extended,byte_guided_static_fresh_s17,byte,guided,static,17,validation,static,2000,fresh,0.01829962384259259,0.01828352226307189,0.0,1.0,0.1668896484375,44296,252.17401432129554,501.08642578125
extended,byte_guided_static_fresh_s17,byte,guided,static,17,validation,probes,2000,fresh,0.01890208938513677,0.2732619674412975,0.0,1.0,0.12856867283950618,44296,252.17401432129554,501.08642578125
extended,byte_guided_static_fresh_s17,byte,guided,static,17,test,pokemon,2000,fresh,0.018061023191855617,0.5012399699763307,0.0,1.0,0.11438657407407407,44296,252.17401432129554,501.08642578125
extended,byte_guided_static_fresh_s17,byte,guided,static,17,test,static,2000,fresh,0.01839913109340958,0.01832625910607298,0.0,1.0,0.1666281467013889,44296,252.17401432129554,501.08642578125
extended,byte_guided_static_fresh_s17,byte,guided,static,17,test,probes,2000,fresh,0.018789699830549497,0.2743219029895909,0.0,1.0,0.12759066358024693,44296,252.17401432129554,501.08642578125
extended,byte_guided_static_fresh_s29,byte,guided,static,29,validation,pokemon,2000,fresh,0.021594594730896473,0.41547244244062514,0.0,1.0,0.09507801783264747,44296,372.5231205750024,501.08642578125
extended,byte_guided_static_fresh_s29,byte,guided,static,29,validation,static,2000,fresh,0.02056499353213507,0.020679496017156858,0.0,1.0,0.15505805121527777,44296,372.5231205750024,501.08642578125
extended,byte_guided_static_fresh_s29,byte,guided,static,29,validation,probes,2000,fresh,0.02216081911159525,0.28018480694747033,0.0,1.0,0.10603973765432098,44296,372.5231205750024,501.08642578125
extended,byte_guided_static_fresh_s29,byte,guided,static,29,test,pokemon,2000,fresh,0.02148747276688453,0.4178220643710159,0.0,1.0,0.09538923182441701,44296,372.5231205750024,501.08642578125
extended,byte_guided_static_fresh_s29,byte,guided,static,29,test,static,2000,fresh,0.020522356685729846,0.020744008714596945,0.0,1.0,0.15510253906250002,44296,372.5231205750024,501.08642578125
extended,byte_guided_static_fresh_s29,byte,guided,static,29,test,probes,2000,fresh,0.02200467501815541,0.279430109235052,0.0,1.0,0.10695408950617284,44296,372.5231205750024,501.08642578125
extended,byte_guided_static_fresh_s43,byte,guided,static,43,validation,pokemon,2000,fresh,0.017996664783883374,0.35698939085236286,0.0,1.0,0.10769375857338821,44296,203.4178196466528,501.08642578125
extended,byte_guided_static_fresh_s43,byte,guided,static,43,validation,static,2000,fresh,0.017112121715005445,0.017163564644607842,0.0,1.0,0.1831694878472222,44296,203.4178196466528,501.08642578125
extended,byte_guided_static_fresh_s43,byte,guided,static,43,validation,probes,2000,fresh,0.018393162975066567,0.2629630537400145,0.0,1.0,0.12678819444444445,44296,203.4178196466528,501.08642578125
extended,byte_guided_static_fresh_s43,byte,guided,static,43,test,pokemon,2000,fresh,0.017906217219398047,0.35804894059818715,0.0,1.0,0.10778335048010974,44296,203.4178196466528,501.08642578125
extended,byte_guided_static_fresh_s43,byte,guided,static,43,test,static,2000,fresh,0.01716552202478213,0.017175323818763612,0.0,1.0,0.18289930555555556,44296,203.4178196466528,501.08642578125
extended,byte_guided_static_fresh_s43,byte,guided,static,43,test,probes,2000,fresh,0.018086699648995397,0.26332486080852097,0.0,1.0,0.12741126543209877,44296,203.4178196466528,501.08642578125
extended,gaussian_coupling_mixed_fresh_s17,gaussian,coupling,mixed,17,validation,pokemon,2000,fresh,0.017284533274437706,0.034559636495440874,7.766901172979662e-08,,,44296,193.05048777046613,382.20751953125
extended,gaussian_coupling_mixed_fresh_s17,gaussian,coupling,mixed,17,validation,static,2000,fresh,0.017026274362162544,0.03406383089099119,9.638350980994197e-08,,,44296,193.05048777046613,382.20751953125
extended,gaussian_coupling_mixed_fresh_s17,gaussian,coupling,mixed,17,validation,probes,2000,fresh,0.018933063803566394,0.03798685024233258,9.770585963568305e-08,,,44296,193.05048777046613,382.20751953125
extended,gaussian_coupling_mixed_fresh_s17,gaussian,coupling,mixed,17,test,pokemon,2000,fresh,0.017298885777130603,0.03458808729078864,7.763261703462536e-08,,,44296,193.05048777046613,382.20751953125
extended,gaussian_coupling_mixed_fresh_s17,gaussian,coupling,mixed,17,test,static,2000,fresh,0.016979381857043858,0.033966681463681946,9.621870067174058e-08,,,44296,193.05048777046613,382.20751953125
extended,gaussian_coupling_mixed_fresh_s17,gaussian,coupling,mixed,17,test,probes,2000,fresh,0.018952903904168237,0.03801286801188844,9.765296888327426e-08,,,44296,193.05048777046613,382.20751953125
extended,gaussian_coupling_mixed_fresh_s29,gaussian,coupling,mixed,29,validation,pokemon,2000,fresh,0.01714908488667094,0.034340124738972556,7.615627498900025e-08,,,44296,174.49411681678612,382.20751953125
extended,gaussian_coupling_mixed_fresh_s29,gaussian,coupling,mixed,29,validation,static,2000,fresh,0.016931083592112046,0.033877101004939424,9.498124822052952e-08,,,44296,174.49411681678612,382.20751953125
extended,gaussian_coupling_mixed_fresh_s29,gaussian,coupling,mixed,29,validation,probes,2000,fresh,0.01884431172652976,0.03798165273749251,9.683565370806402e-08,,,44296,174.49411681678612,382.20751953125
extended,gaussian_coupling_mixed_fresh_s29,gaussian,coupling,mixed,29,test,pokemon,2000,fresh,0.017161013208784246,0.03436495607201794,7.60296662234087e-08,,,44296,174.49411681678612,382.20751953125
extended,gaussian_coupling_mixed_fresh_s29,gaussian,coupling,mixed,29,test,static,2000,fresh,0.016891400368537465,0.033795247393444514,9.485577375744507e-08,,,44296,174.49411681678612,382.20751953125
extended,gaussian_coupling_mixed_fresh_s29,gaussian,coupling,mixed,29,test,probes,2000,fresh,0.01885141204978736,0.038012549169768456,9.67207578727063e-08,,,44296,174.49411681678612,382.20751953125
extended,gaussian_coupling_mixed_fresh_s43,gaussian,coupling,mixed,43,validation,pokemon,2000,fresh,0.017066786929336424,0.034140648848890065,7.698828333589135e-08,,,44296,149.70007192902267,382.20751953125
extended,gaussian_coupling_mixed_fresh_s43,gaussian,coupling,mixed,43,validation,static,2000,fresh,0.016789337442263456,0.0335722385089711,9.733521692806463e-08,,,44296,149.70007192902267,382.20751953125
extended,gaussian_coupling_mixed_fresh_s43,gaussian,coupling,mixed,43,validation,probes,2000,fresh,0.018905258908390683,0.038219335214920075,9.828149459044984e-08,,,44296,149.70007192902267,382.20751953125
extended,gaussian_coupling_mixed_fresh_s43,gaussian,coupling,mixed,43,test,pokemon,2000,fresh,0.017080963805231577,0.03417063113670859,7.687398655452276e-08,,,44296,149.70007192902267,382.20751953125
extended,gaussian_coupling_mixed_fresh_s43,gaussian,coupling,mixed,43,test,static,2000,fresh,0.01677205436136176,0.0335350417686351,9.718335813014702e-08,,,44296,149.70007192902267,382.20751953125
extended,gaussian_coupling_mixed_fresh_s43,gaussian,coupling,mixed,43,test,probes,2000,fresh,0.01892401884463909,0.03824721417656508,9.819453554939648e-08,,,44296,149.70007192902267,382.20751953125
extended,gaussian_coupling_pokemon_fresh_s17,gaussian,coupling,pokemon,17,validation,pokemon,2000,fresh,0.016464912258872973,0.0329260763702248,7.557538260108007e-08,,,44296,163.34729752247222,382.20751953125
extended,gaussian_coupling_pokemon_fresh_s17,gaussian,coupling,pokemon,17,validation,static,2000,fresh,0.01955172766201367,0.03912653887211161,9.249544788906737e-08,,,44296,163.34729752247222,382.20751953125
extended,gaussian_coupling_pokemon_fresh_s17,gaussian,coupling,pokemon,17,validation,probes,2000,fresh,0.018645518568569077,0.03725564995169584,9.382998638624262e-08,,,44296,163.34729752247222,382.20751953125
extended,gaussian_coupling_pokemon_fresh_s17,gaussian,coupling,pokemon,17,test,pokemon,2000,fresh,0.016473090393040225,0.032941414317471246,7.544602619621779e-08,,,44296,163.34729752247222,382.20751953125
extended,gaussian_coupling_pokemon_fresh_s17,gaussian,coupling,pokemon,17,test,static,2000,fresh,0.019497854760038576,0.03901103591072159,9.215730590346264e-08,,,44296,163.34729752247222,382.20751953125
extended,gaussian_coupling_pokemon_fresh_s17,gaussian,coupling,pokemon,17,test,probes,2000,fresh,0.018649500707398924,0.037272937957287616,9.369858837394948e-08,,,44296,163.34729752247222,382.20751953125
extended,gaussian_coupling_pokemon_fresh_s29,gaussian,coupling,pokemon,29,validation,pokemon,2000,fresh,0.01622449072370568,0.03246593260737027,7.52432969471639e-08,,,44296,149.35475180926733,382.20751953125
extended,gaussian_coupling_pokemon_fresh_s29,gaussian,coupling,pokemon,29,validation,static,2000,fresh,0.0209050488914288,0.04184160735886441,8.960951228450076e-08,,,44296,149.35475180926733,382.20751953125
extended,gaussian_coupling_pokemon_fresh_s29,gaussian,coupling,pokemon,29,validation,probes,2000,fresh,0.01883387693807787,0.037508068374396256,9.197642081073571e-08,,,44296,149.35475180926733,382.20751953125
extended,gaussian_coupling_pokemon_fresh_s29,gaussian,coupling,pokemon,29,test,pokemon,2000,fresh,0.016265386794620824,0.032548070069308994,7.506300640363963e-08,,,44296,149.35475180926733,382.20751953125
extended,gaussian_coupling_pokemon_fresh_s29,gaussian,coupling,pokemon,29,test,static,2000,fresh,0.0208636289351493,0.041757589979128304,8.941378383811643e-08,,,44296,149.35475180926733,382.20751953125
extended,gaussian_coupling_pokemon_fresh_s29,gaussian,coupling,pokemon,29,test,probes,2000,fresh,0.01888574390902918,0.03762358309191451,9.225981968387696e-08,,,44296,149.35475180926733,382.20751953125
extended,gaussian_coupling_pokemon_fresh_s43,gaussian,coupling,pokemon,43,validation,pokemon,2000,fresh,0.01647462709610989,0.032972137806231615,7.714475610717222e-08,,,44296,137.2428852134617,382.20751953125
extended,gaussian_coupling_pokemon_fresh_s43,gaussian,coupling,pokemon,43,validation,static,2000,fresh,0.020841655188707668,0.04171119435865145,9.314659539372142e-08,,,44296,137.2428852134617,382.20751953125
extended,gaussian_coupling_pokemon_fresh_s43,gaussian,coupling,pokemon,43,validation,probes,2000,fresh,0.018222139846048653,0.036561159047872806,9.505752389284476e-08,,,44296,137.2428852134617,382.20751953125
extended,gaussian_coupling_pokemon_fresh_s43,gaussian,coupling,pokemon,43,test,pokemon,2000,fresh,0.016486506151648143,0.03299534860614872,7.699366637680249e-08,,,44296,137.2428852134617,382.20751953125
extended,gaussian_coupling_pokemon_fresh_s43,gaussian,coupling,pokemon,43,test,static,2000,fresh,0.020845394079636127,0.04171165705590776,9.297639677562952e-08,,,44296,137.2428852134617,382.20751953125
extended,gaussian_coupling_pokemon_fresh_s43,gaussian,coupling,pokemon,43,test,probes,2000,fresh,0.018291078093838935,0.03670289825925784,9.482688743396184e-08,,,44296,137.2428852134617,382.20751953125
extended,gaussian_coupling_static_fresh_s17,gaussian,coupling,static,17,validation,pokemon,2000,fresh,0.037392077548543456,0.07213891124078539,8.03725836068711e-08,,,44296,184.00046469888184,382.20751953125
extended,gaussian_coupling_static_fresh_s17,gaussian,coupling,static,17,validation,static,2000,fresh,0.024738866233661488,0.04947509520535643,1.0414218022653304e-07,,,44296,184.00046469888184,382.20751953125
extended,gaussian_coupling_static_fresh_s17,gaussian,coupling,static,17,validation,probes,2000,fresh,0.036757446327711024,0.0731353787420968,1.0303958636973946e-07,,,44296,184.00046469888184,382.20751953125
extended,gaussian_coupling_static_fresh_s17,gaussian,coupling,static,17,test,pokemon,2000,fresh,0.03749067517694978,0.0723031822043197,8.022885078818469e-08,,,44296,184.00046469888184,382.20751953125
extended,gaussian_coupling_static_fresh_s17,gaussian,coupling,static,17,test,static,2000,fresh,0.024671324157620106,0.049331454451113,1.0394139998868132e-07,,,44296,184.00046469888184,382.20751953125
extended,gaussian_coupling_static_fresh_s17,gaussian,coupling,static,17,test,probes,2000,fresh,0.03679852657844952,0.07318601921497904,1.0276738371600126e-07,,,44296,184.00046469888184,382.20751953125
extended,gaussian_coupling_static_fresh_s29,gaussian,coupling,static,29,validation,pokemon,2000,fresh,0.04855207095553637,0.09538577684624375,8.399388963083196e-08,,,44296,278.44776688318234,382.20751953125
extended,gaussian_coupling_static_fresh_s29,gaussian,coupling,static,29,validation,static,2000,fresh,0.02629501246279799,0.05257874447044006,1.2121578941577676e-07,,,44296,278.44776688318234,382.20751953125
extended,gaussian_coupling_static_fresh_s29,gaussian,coupling,static,29,validation,probes,2000,fresh,0.04644847264503394,0.09236259051053139,1.166729577622513e-07,,,44296,278.44776688318234,382.20751953125
extended,gaussian_coupling_static_fresh_s29,gaussian,coupling,static,29,test,pokemon,2000,fresh,0.04869095864726979,0.09557981001895052,8.37392529443414e-08,,,44296,278.44776688318234,382.20751953125
extended,gaussian_coupling_static_fresh_s29,gaussian,coupling,static,29,test,static,2000,fresh,0.026237893618680085,0.05246012452034806,1.2131981249007377e-07,,,44296,278.44776688318234,382.20751953125
extended,gaussian_coupling_static_fresh_s29,gaussian,coupling,static,29,test,probes,2000,fresh,0.04657159074406944,0.09262541967981441,1.1685385223643147e-07,,,44296,278.44776688318234,382.20751953125
extended,gaussian_coupling_static_fresh_s43,gaussian,coupling,static,43,validation,pokemon,2000,fresh,0.038269313180376914,0.07289590646831103,8.212477779642269e-08,,,44296,206.19517329509836,382.20751953125
extended,gaussian_coupling_static_fresh_s43,gaussian,coupling,static,43,validation,static,2000,fresh,0.024172014167456075,0.04834772439262636,1.1241153601356589e-07,,,44296,206.19517329509836,382.20751953125
extended,gaussian_coupling_static_fresh_s43,gaussian,coupling,static,43,validation,probes,2000,fresh,0.037165714433546874,0.07330706036271672,1.1140697479884425e-07,,,44296,206.19517329509836,382.20751953125
extended,gaussian_coupling_static_fresh_s43,gaussian,coupling,static,43,test,pokemon,2000,fresh,0.03841913485540123,0.07313944062772697,8.183918874150669e-08,,,44296,206.19517329509836,382.20751953125
extended,gaussian_coupling_static_fresh_s43,gaussian,coupling,static,43,test,static,2000,fresh,0.02413989410957797,0.048274084391734896,1.1240668254306402e-07,,,44296,206.19517329509836,382.20751953125
extended,gaussian_coupling_static_fresh_s43,gaussian,coupling,static,43,test,probes,2000,fresh,0.037176182364085666,0.07331029088101707,1.1171267013254374e-07,,,44296,206.19517329509836,382.20751953125
screening,byte_coupling_mixed_fresh_s17,byte,coupling,mixed,17,validation,pokemon,1000,fresh,0.21758791757443713,0.4724248323986659,0.0,1.0,0.005562199931412894,44296,72.38384418061469,380.01123046875
screening,byte_coupling_mixed_fresh_s17,byte,coupling,mixed,17,validation,static,1000,fresh,0.2897835669424019,0.29003335205610015,0.0,1.0,0.0054752604166666665,44296,72.38384418061469,380.01123046875
screening,byte_coupling_mixed_fresh_s17,byte,coupling,mixed,17,validation,probes,1000,fresh,0.21987033254659885,0.409986973493101,0.0,1.0,0.005626929012345679,44296,72.38384418061469,380.01123046875
screening,byte_coupling_pokemon_fresh_s17,byte,coupling,pokemon,17,validation,pokemon,1000,fresh,0.2195781220581511,0.47157921306382633,0.0,1.0,0.005611711248285323,44296,71.88466504507232,380.01123046875
screening,byte_coupling_pokemon_fresh_s17,byte,coupling,pokemon,17,validation,static,1000,fresh,0.29006571265659037,0.29035818355119825,0.0,1.0,0.005529513888888889,44296,71.88466504507232,380.01123046875
screening,byte_coupling_pokemon_fresh_s17,byte,coupling,pokemon,17,validation,probes,1000,fresh,0.22181909646574677,0.409986973493101,0.0,1.0,0.005576774691358025,44296,71.88466504507232,380.01123046875
screening,byte_coupling_static_fresh_s17,byte,coupling,static,17,validation,pokemon,1000,fresh,0.2183062128486511,0.47100091533526994,0.0,1.0,0.005579561042524006,44296,72.61260616674554,380.01123046875
screening,byte_coupling_static_fresh_s17,byte,coupling,static,17,validation,static,1000,fresh,0.2896760769846133,0.28995693338099127,0.0,1.0,0.00544921875,44296,72.61260616674554,380.01123046875
screening,byte_coupling_static_fresh_s17,byte,coupling,static,17,validation,probes,1000,fresh,0.22006428528201402,0.40962055948922776,0.0,1.0,0.005366512345679012,44296,72.61260616674554,380.01123046875
screening,byte_guided_mixed_fresh_s17,byte,guided,mixed,17,validation,pokemon,1000,fresh,0.021176858071760934,0.3880935297815971,0.0,1.0,0.16380315500685871,44296,102.61073147144634,501.08642578125
screening,byte_guided_mixed_fresh_s17,byte,guided,mixed,17,validation,static,1000,fresh,0.020321259276279955,0.020306629987064263,0.0,1.0,0.15855631510416668,44296,102.61073147144634,501.08642578125
screening,byte_guided_mixed_fresh_s17,byte,guided,mixed,17,validation,probes,1000,fresh,0.020769728879206,0.2547223810820624,0.0,1.0,0.15652970679012346,44296,102.61073147144634,501.08642578125
screening,byte_guided_pokemon_fresh_s17,byte,guided,pokemon,17,validation,pokemon,1000,fresh,0.02271941065520858,0.35247095470561335,0.0,1.0,0.15158993484224964,44296,104.67989631940145,501.08642578125
screening,byte_guided_pokemon_fresh_s17,byte,guided,pokemon,17,validation,static,1000,fresh,0.02743180019403594,0.02748659194580609,0.0,1.0,0.110166015625,44296,104.67989631940145,501.08642578125
screening,byte_guided_pokemon_fresh_s17,byte,guided,pokemon,17,validation,probes,1000,fresh,0.02420708514887436,0.2587763177801985,0.0,1.0,0.13440586419753087,44296,104.67989631940145,501.08642578125
screening,byte_guided_static_fresh_s17,byte,guided,static,17,validation,pokemon,1000,fresh,0.022907080441916135,0.4173383983565991,0.0,1.0,0.0932576731824417,44296,104.1024323052261,501.08642578125
screening,byte_guided_static_fresh_s17,byte,guided,static,17,validation,static,1000,fresh,0.020102322048611107,0.020021371612881256,0.0,1.0,0.16224934895833332,44296,104.1024323052261,501.08642578125
screening,byte_guided_static_fresh_s17,byte,guided,static,17,validation,probes,1000,fresh,0.025103485838779954,0.2853651658194142,0.0,1.0,0.10116126543209877,44296,104.1024323052261,501.08642578125
screening,byte_pair_mixed_fresh_s17,byte,pair,mixed,17,validation,pokemon,1000,fresh,0.0913213398356599,0.10736828922241051,0.10736816062158745,0.0,0.050133530521262015,294208,135.81868742604274,1058.9501953125
screening,byte_pair_mixed_fresh_s17,byte,pair,mixed,17,validation,static,1000,fresh,0.4586195129527505,0.4998026173577069,0.4998026173577069,0.0,0.003910047743055556,294208,135.81868742604274,1058.9501953125
screening,byte_pair_mixed_fresh_s17,byte,pair,mixed,17,validation,probes,1000,fresh,0.3123330458726701,0.4444521604938272,0.4444521604938272,0.1111111111111111,0.023724922839506175,294208,135.81868742604274,1058.9501953125
screening,byte_pair_pokemon_fresh_s17,byte,pair,pokemon,17,validation,pokemon,1000,fresh,0.09477142758680973,0.10736828922241051,0.10736828922241051,0.0,0.046568072702331965,294208,134.0571021635551,1058.9501953125
screening,byte_pair_pokemon_fresh_s17,byte,pair,pokemon,17,validation,static,1000,fresh,0.44528785403050103,0.4998026173577069,0.4998026173577069,0.0,0.003926866319444444,294208,134.0571021635551,1058.9501953125
screening,byte_pair_pokemon_fresh_s17,byte,pair,pokemon,17,validation,probes,1000,fresh,0.306743448922779,0.4444521604938272,0.4444521604938272,0.1111111111111111,0.022490354938271603,294208,134.0571021635551,1058.9501953125
screening,byte_pair_static_fresh_s17,byte,pair,static,17,validation,pokemon,1000,fresh,0.3282467454745958,0.49118359154361324,0.4917490191035262,0.0,0.003860811042524005,294208,138.00375285942573,1058.9501953125
screening,byte_pair_static_fresh_s17,byte,pair,static,17,validation,static,1000,fresh,0.3233940312670207,0.3380278586260893,0.3389533122276688,0.0,0.003892144097222222,294208,138.00375285942573,1058.9501953125
screening,byte_pair_static_fresh_s17,byte,pair,static,17,validation,probes,1000,fresh,0.3289179904986686,0.4285030259017187,0.4255119901355604,0.0,0.0039544753086419755,294208,138.00375285942573,1058.9501953125
screening,gaussian_coupling_mixed_fresh_s17,gaussian,coupling,mixed,17,validation,pokemon,1000,fresh,0.028493256650280588,0.056982942284393434,7.651448283663732e-08,,,44296,76.16349815391004,382.20751953125
screening,gaussian_coupling_mixed_fresh_s17,gaussian,coupling,mixed,17,validation,static,1000,fresh,0.02816676288663239,0.056380388333616915,9.30885818883639e-08,,,44296,76.16349815391004,382.20751953125
screening,gaussian_coupling_mixed_fresh_s17,gaussian,coupling,mixed,17,validation,probes,1000,fresh,0.028504015689441595,0.05714584059335264,9.559232417217601e-08,,,44296,76.16349815391004,382.20751953125
screening,gaussian_coupling_pokemon_fresh_s17,gaussian,coupling,pokemon,17,validation,pokemon,1000,fresh,0.027218157599352692,0.05450818503876613,7.583170624840581e-08,,,44296,74.5510587367462,382.20751953125
screening,gaussian_coupling_pokemon_fresh_s17,gaussian,coupling,pokemon,17,validation,static,1000,fresh,0.03079904285962439,0.061712747140795776,9.212584088258234e-08,,,44296,74.5510587367462,382.20751953125
screening,gaussian_coupling_pokemon_fresh_s17,gaussian,coupling,pokemon,17,validation,probes,1000,fresh,0.028826026202964063,0.05777707663295541,9.390574254847724e-08,,,44296,74.5510587367462,382.20751953125
screening,gaussian_coupling_static_fresh_s17,gaussian,coupling,static,17,validation,pokemon,1000,fresh,0.04922544716545456,0.09361527273534499,7.605616304485194e-08,,,44296,74.8588186543202,382.20751953125
screening,gaussian_coupling_static_fresh_s17,gaussian,coupling,static,17,validation,static,1000,fresh,0.027616025480703996,0.05523031421799987,1.0127872828905542e-07,,,44296,74.8588186543202,382.20751953125
screening,gaussian_coupling_static_fresh_s17,gaussian,coupling,static,17,validation,probes,1000,fresh,0.039920215637053745,0.07749057979562227,1.0030496511075597e-07,,,44296,74.8588186543202,382.20751953125
screening,gaussian_pair_mixed_fresh_s17,gaussian,pair,mixed,17,validation,pokemon,1000,fresh,0.08193160381333392,0.04109262333098252,0.0643012933224261,,,226888,90.06252754572779,285.5517578125
screening,gaussian_pair_mixed_fresh_s17,gaussian,pair,mixed,17,validation,static,1000,fresh,0.08951164891735733,0.2001011784615192,0.2178116640923531,,,226888,90.06252754572779,285.5517578125
screening,gaussian_pair_mixed_fresh_s17,gaussian,pair,mixed,17,validation,probes,1000,fresh,0.08316060299248956,0.0853086338317946,0.1180682014931212,,,226888,90.06252754572779,285.5517578125
screening,gaussian_pair_pokemon_fresh_s17,gaussian,pair,pokemon,17,validation,pokemon,1000,fresh,0.05573802788592354,0.02577572346775442,0.04099048550388659,,,226888,90.02518785034772,285.5517578125
screening,gaussian_pair_pokemon_fresh_s17,gaussian,pair,pokemon,17,validation,static,1000,fresh,0.12008137439224117,0.2240380610512024,0.23324274426461392,,,226888,90.02518785034772,285.5517578125
screening,gaussian_pair_pokemon_fresh_s17,gaussian,pair,pokemon,17,validation,probes,1000,fresh,0.0643616786955728,0.07783583876638411,0.09842552525455736,,,226888,90.02518785034772,285.5517578125
screening,gaussian_pair_static_fresh_s17,gaussian,pair,static,17,validation,pokemon,1000,fresh,0.32806749788948936,0.28185774024212723,0.25452607850734676,,,226888,89.61259807297029,285.5517578125
screening,gaussian_pair_static_fresh_s17,gaussian,pair,static,17,validation,static,1000,fresh,0.09953793455241333,0.23980669933203774,0.2446334540398915,,,226888,89.61259807297029,285.5517578125
screening,gaussian_pair_static_fresh_s17,gaussian,pair,static,17,validation,probes,1000,fresh,0.20519338835362722,0.24137170174887423,0.2171745073735422,,,226888,89.61259807297029,285.5517578125
