seed,domain,best_update,forward_mae,reverse_mae,roundtrip_mae,max_roundtrip_error,foreground_reverse_mae,exact_rgba_image_rate,payload_rgb_correlation,preview_rgb_correlation,training_seconds,peak_vram_mib
17,pokemon,2000,0.009339809961610693,0.037363007420950375,1.4971909132391337e-07,2.86102294921875e-06,0.04019599968500184,1.0,0.05785152732048419,0.05153991916102194,147.8552904574899,379.57080078125
17,static,2000,0.01227212562737728,0.04908865927111972,1.638832532080414e-07,2.7418136596679688e-06,0.04843413663189433,1.0,0.07440773647438166,0.0658438277427505,147.8552904574899,379.57080078125
17,probes,2000,0.01090768501941052,0.043815556320094644,1.5838916972566994e-07,2.9206275939941406e-06,0.03892103477668019,1.0,0.02293343726828037,0.02000058163131733,147.8552904574899,379.57080078125
29,pokemon,2000,0.009175026751294222,0.036663730630955495,1.4311556673362157e-07,2.86102294921875e-06,0.04288549457781618,1.0,0.05774835180331269,0.051346019684529474,142.02878002030775,379.57080078125
29,static,2000,0.01264489639869066,0.050786689174398256,1.534547509941654e-07,2.8312206268310547e-06,0.05078877556222912,1.0,0.07369839521430335,0.06508426232684984,142.02878002030775,379.57080078125
29,probes,2000,0.011209770068054679,0.04438326516224971,1.5017324102824027e-07,2.9206275939941406e-06,0.04051963894590385,1.0,0.02430545151581125,0.021193443075915426,142.02878002030775,379.57080078125
43,pokemon,2000,0.009216082306227757,0.036791204563815925,1.445131544301616e-07,2.86102294921875e-06,0.04289359887817066,1.0,0.05779535472941238,0.05175080223639285,142.46187059825752,379.57080078125
43,static,2000,0.01320832558406455,0.052666574792959234,1.5823596565193534e-07,2.5480985641479492e-06,0.05166548847662826,1.0,0.07449276173011521,0.06585566094942533,142.46187059825752,379.57080078125
43,probes,2000,0.01091663743608847,0.04358830149928475,1.5275185298243604e-07,2.4437904357910156e-06,0.04206184042490048,1.0,0.023230220406960694,0.0202201495812275,142.46187059825752,379.57080078125
